{"categorical_accuracy":{"0":0.428355962,"1":0.5324283838,"2":0.6153846383,"3":0.6953243017,"4":0.7390648723,"5":0.7707390785,"6":0.7948718071,"7":0.8672699928,"8":0.8687782884,"9":0.8929110169,"10":0.9079939723,"11":0.8974359035,"12":0.9064856768,"13":0.9336349964,"14":0.9140271544,"15":0.9125188589,"16":0.9140271544,"17":0.91553545,"18":0.91553545,"19":0.9215686321,"20":0.9276018143,"21":0.9200603366,"22":0.9411764741,"23":0.938159883,"24":0.9321267009,"25":0.9502262473,"26":0.9260935187,"27":0.938159883,"28":0.9411764741,"29":0.9426847696,"30":0.9592760205,"31":0.9245852232,"32":0.9502262473,"33":0.9411764741,"34":0.9622926116,"35":0.9668174982,"36":0.9562594295,"37":0.9472096562,"38":0.9698340893,"39":0.9426847696,"40":0.9562594295,"41":0.9607843161,"42":0.9562594295,"43":0.9728506804,"44":0.9698340893,"45":0.9517345428,"46":0.9638009071,"47":0.9728506804,"48":0.9547511339,"49":0.9758672714},"loss":{"0":1.3231655359,"1":1.0925496817,"2":0.9050965905,"3":0.7457607985,"4":0.6239131689,"5":0.5896797776,"6":0.5081965923,"7":0.3744289875,"8":0.3565941155,"9":0.3128623068,"10":0.276052773,"11":0.2811658084,"12":0.253934145,"13":0.2111768723,"14":0.2407743186,"15":0.2214319408,"16":0.2244484276,"17":0.2265542448,"18":0.2127503455,"19":0.2034510523,"20":0.1880753487,"21":0.199471429,"22":0.1751367748,"23":0.1686539948,"24":0.1757150441,"25":0.1452718973,"26":0.178379178,"27":0.1556704938,"28":0.1698729843,"29":0.1664506942,"30":0.1199669614,"31":0.1678049117,"32":0.1501847506,"33":0.1448022574,"34":0.1126015782,"35":0.1211078689,"36":0.1138795614,"37":0.1418784559,"38":0.1102789864,"39":0.1322271079,"40":0.1262224913,"41":0.1103435755,"42":0.1058796421,"43":0.0898525789,"44":0.1009205952,"45":0.1312127709,"46":0.1104431748,"47":0.0874888301,"48":0.1066530198,"49":0.0809296966},"val_categorical_accuracy":{"0":0.1800000072,"1":0.25,"2":0.1800000072,"3":0.2099999934,"4":0.25,"5":0.2399999946,"6":0.200000003,"7":0.2800000012,"8":0.3100000024,"9":0.2599999905,"10":0.2099999934,"11":0.2099999934,"12":0.2599999905,"13":0.2599999905,"14":0.2899999917,"15":0.3300000131,"16":0.2599999905,"17":0.4300000072,"18":0.4300000072,"19":0.4600000083,"20":0.4900000095,"21":0.5600000024,"22":0.6299999952,"23":0.6100000143,"24":0.7300000191,"25":0.8100000024,"26":0.7799999714,"27":0.8399999738,"28":0.8700000048,"29":0.8399999738,"30":0.8899999857,"31":0.8999999762,"32":0.8799999952,"33":0.8799999952,"34":0.8799999952,"35":0.8500000238,"36":0.8700000048,"37":0.8799999952,"38":0.8899999857,"39":0.9100000262,"40":0.9200000167,"41":0.8700000048,"42":0.8899999857,"43":0.8899999857,"44":0.8799999952,"45":0.8500000238,"46":0.8999999762,"47":0.9200000167,"48":0.8999999762,"49":0.8999999762},"val_loss":{"0":2.4905660152,"1":1.8869810104,"2":2.5282409191,"3":2.0248606205,"4":2.2939956188,"5":5.9748206139,"6":2.7896490097,"7":1.9962134361,"8":2.1653828621,"9":2.0255112648,"10":2.7067599297,"11":2.8919909,"12":2.5798296928,"13":2.7891674042,"14":2.6998376846,"15":2.259996891,"16":2.4939579964,"17":2.0350949764,"18":1.828612566,"19":1.77673769,"20":1.6145498753,"21":1.3247343302,"22":1.1992698908,"23":1.1667945385,"24":0.7751743793,"25":0.6507486701,"26":0.5896388888,"27":0.5879756808,"28":0.4907673299,"29":0.4591507316,"30":0.3265930414,"31":0.28714028,"32":0.4123930633,"33":0.4067034125,"34":0.3281591833,"35":0.3962482214,"36":0.3949048221,"37":0.3551638424,"38":0.2814966142,"39":0.3224206567,"40":0.2703783512,"41":0.4278768897,"42":0.2843515873,"43":0.4139336646,"44":0.3749984503,"45":0.4343783259,"46":0.3024439514,"47":0.2200722545,"48":0.2761488855,"49":0.3435513973},"learning_rate":{"0":0.0099999998,"1":0.0099999998,"2":0.0099999998,"3":0.0099999998,"4":0.0099999998,"5":0.0099999998,"6":0.0099999998,"7":0.0019999999,"8":0.0019999999,"9":0.0019999999,"10":0.0019999999,"11":0.0019999999,"12":0.001,"13":0.001,"14":0.001,"15":0.001,"16":0.001,"17":0.001,"18":0.001,"19":0.001,"20":0.001,"21":0.001,"22":0.001,"23":0.001,"24":0.001,"25":0.001,"26":0.001,"27":0.001,"28":0.001,"29":0.001,"30":0.001,"31":0.001,"32":0.001,"33":0.001,"34":0.001,"35":0.001,"36":0.001,"37":0.001,"38":0.001,"39":0.001,"40":0.001,"41":0.001,"42":0.001,"43":0.001,"44":0.001,"45":0.001,"46":0.001,"47":0.001,"48":0.001,"49":0.001}}