{"categorical_accuracy":{"0":0.4434389174,"1":0.6938160062,"2":0.7993966937,"3":0.8657616973,"4":0.8838612437,"5":0.8793363571,"6":0.9095022678,"7":0.9366515875,"8":0.9260935187,"9":0.9411764741,"10":0.9638009071,"11":0.957767725,"12":0.977375567,"13":0.980392158,"14":0.9743589759,"15":0.9713423848,"16":0.9849170446,"17":0.9894419312,"18":0.9924585223,"19":0.9894419312,"20":0.9894419312,"21":0.9879336357,"22":0.9849170446,"23":0.9909502268,"24":0.9924585223,"25":0.9864253402,"26":0.9894419312,"27":0.9909502268,"28":0.9864253402,"29":0.9939668179,"30":0.9894419312,"31":0.9879336357,"32":0.9939668179,"33":1.0,"34":0.9909502268,"35":0.9984917045,"36":0.9909502268,"37":0.9984917045,"38":0.9984917045,"39":0.9924585223,"40":0.9969834089,"41":0.9969834089,"42":0.9939668179,"43":0.9909502268,"44":0.9969834089,"45":0.9924585223,"46":0.9924585223,"47":0.9924585223,"48":0.9984917045,"49":0.9969834089},"loss":{"0":1.3412377834,"1":0.8280823827,"2":0.5580709577,"3":0.3547158539,"4":0.3157161772,"5":0.3540603518,"6":0.2762634456,"7":0.1701984555,"8":0.2004768103,"9":0.17976816,"10":0.1093444228,"11":0.1056680381,"12":0.0816039145,"13":0.0679193884,"14":0.0575609058,"15":0.0733036175,"16":0.0575792752,"17":0.033049643,"18":0.0381228216,"19":0.0360981971,"20":0.0299785864,"21":0.0363413654,"22":0.0438482873,"23":0.0332818553,"24":0.029679371,"25":0.0390819758,"26":0.0380315408,"27":0.0369190536,"28":0.0377545729,"29":0.0252107736,"30":0.0270032026,"31":0.0355672948,"32":0.0246904064,"33":0.0117307771,"34":0.0265345648,"35":0.0155026149,"36":0.0226233341,"37":0.0122796008,"38":0.0152420029,"39":0.0220569596,"40":0.0110468706,"41":0.0151219731,"42":0.0204190947,"43":0.0309455544,"44":0.0160243604,"45":0.0257179011,"46":0.0230952557,"47":0.0204377286,"48":0.0115947798,"49":0.0124854092},"val_categorical_accuracy":{"0":0.6800000072,"1":0.6600000262,"2":0.7799999714,"3":0.75,"4":0.7699999809,"5":0.7699999809,"6":0.7900000215,"7":0.7699999809,"8":0.7400000095,"9":0.7400000095,"10":0.7599999905,"11":0.7699999809,"12":0.7699999809,"13":0.7699999809,"14":0.7799999714,"15":0.75,"16":0.75,"17":0.7699999809,"18":0.7799999714,"19":0.7799999714,"20":0.7900000215,"21":0.7699999809,"22":0.7599999905,"23":0.7699999809,"24":0.7699999809,"25":0.7699999809,"26":0.7699999809,"27":0.7799999714,"28":0.7699999809,"29":0.7699999809,"30":0.7699999809,"31":0.75,"32":0.7799999714,"33":0.75,"34":0.7699999809,"35":0.7699999809,"36":0.75,"37":0.7799999714,"38":0.7300000191,"39":0.7699999809,"40":0.7699999809,"41":0.7400000095,"42":0.75,"43":0.75,"44":0.7599999905,"45":0.8000000119,"46":0.7599999905,"47":0.7400000095,"48":0.75,"49":0.7400000095},"val_loss":{"0":0.9083908796,"1":0.8650978804,"2":0.6693294048,"3":0.6978626251,"4":0.6320841908,"5":0.705290556,"6":0.6435821056,"7":0.7636051774,"8":0.7406970859,"9":0.7456943989,"10":0.7438212037,"11":0.7366698384,"12":0.7877852917,"13":0.7974941134,"14":0.758266747,"15":0.7632936239,"16":0.7839134336,"17":0.7749384046,"18":0.7785974741,"19":0.7619774342,"20":0.7728746533,"21":0.7715303898,"22":0.849314332,"23":0.7942360044,"24":0.8314110041,"25":0.8179400563,"26":0.8179351687,"27":0.8392717242,"28":0.7917265296,"29":0.8210157156,"30":0.8076638579,"31":0.8479341269,"32":0.8190454245,"33":0.8304146528,"34":0.7999145389,"35":0.8499083519,"36":0.9163430929,"37":0.8711452484,"38":0.9757506847,"39":0.8752442002,"40":0.8803250194,"41":0.9100344181,"42":0.9236904383,"43":0.9269636273,"44":0.9112982154,"45":0.8746017218,"46":0.925480485,"47":0.950281918,"48":0.9585664272,"49":0.9651325941},"learning_rate":{"0":0.0099999998,"1":0.0099999998,"2":0.0099999998,"3":0.0099999998,"4":0.0099999998,"5":0.0099999998,"6":0.0099999998,"7":0.0099999998,"8":0.0099999998,"9":0.0099999998,"10":0.0019999999,"11":0.0019999999,"12":0.0019999999,"13":0.0019999999,"14":0.0019999999,"15":0.001,"16":0.001,"17":0.001,"18":0.001,"19":0.001,"20":0.001,"21":0.001,"22":0.001,"23":0.001,"24":0.001,"25":0.001,"26":0.001,"27":0.001,"28":0.001,"29":0.001,"30":0.001,"31":0.001,"32":0.001,"33":0.001,"34":0.001,"35":0.001,"36":0.001,"37":0.001,"38":0.001,"39":0.001,"40":0.001,"41":0.001,"42":0.001,"43":0.001,"44":0.001,"45":0.001,"46":0.001,"47":0.001,"48":0.001,"49":0.001}}