{"categorical_accuracy":{"0":0.2971342504,"1":0.4177978933,"2":0.4856711924,"3":0.4856711924,"4":0.5354449749,"5":0.5098039508,"6":0.4977375567,"7":0.5248869061,"8":0.4962292612,"9":0.4856711924,"10":0.5203620195,"11":0.4796380103,"12":0.518853724,"13":0.5580694079,"14":0.4796380103,"15":0.5867270231,"16":0.5505279303,"17":0.5731523633,"18":0.5987933874,"19":0.5701357722,"20":0.5671191812,"21":0.5233786106,"22":0.5520362258,"23":0.5565611124,"24":0.5852187276,"25":0.5837104321,"26":0.6048265696,"27":0.6199095249,"28":0.6696832776,"29":0.6802413464,"30":0.6515837312,"31":0.6606335044,"32":0.6591252089,"33":0.6711915731,"34":0.6983408928,"35":0.6787330508,"36":0.6938160062,"37":0.6892911196,"38":0.726998508,"39":0.7254902124,"40":0.726998508,"41":0.7390648723,"42":0.7315233946,"43":0.7616893053,"44":0.7556561232,"45":0.7797888517,"46":0.7662141919,"47":0.7345399857,"48":0.7873303294,"49":0.7616893053},"loss":{"0":1.5537610054,"1":1.3921976089,"2":1.1848125458,"3":1.1482536793,"4":1.101747036,"5":1.2202330828,"6":1.1982634068,"7":1.0951389074,"8":1.1417264938,"9":1.1424090862,"10":1.0895287991,"11":1.1257164478,"12":1.0811115503,"13":1.0962407589,"14":1.2622686625,"15":1.0366616249,"16":1.0154534578,"17":1.0388282537,"18":0.9929363728,"19":1.0139049292,"20":1.0652523041,"21":1.1340396404,"22":1.0377063751,"23":1.0523867607,"24":0.987606287,"25":0.9514405727,"26":0.9243174195,"27":0.8952642083,"28":0.8722153902,"29":0.8076981306,"30":0.8086456656,"31":0.8175482154,"32":0.8149508834,"33":0.8204724193,"34":0.7586720586,"35":0.7818792462,"36":0.7148188949,"37":0.77832371,"38":0.7101719379,"39":0.7014408708,"40":0.6968162656,"41":0.6851924658,"42":0.6549770236,"43":0.6415020823,"44":0.6304232478,"45":0.5969568491,"46":0.6105937958,"47":0.6646535993,"48":0.6112478375,"49":0.591858387},"val_categorical_accuracy":{"0":0.400000006,"1":0.4600000083,"2":0.5099999905,"3":0.5799999833,"4":0.2800000012,"5":0.349999994,"6":0.5,"7":0.5799999833,"8":0.5299999714,"9":0.4099999964,"10":0.4799999893,"11":0.4799999893,"12":0.5299999714,"13":0.4099999964,"14":0.5899999738,"15":0.4399999976,"16":0.5400000215,"17":0.5600000024,"18":0.4199999869,"19":0.6100000143,"20":0.5099999905,"21":0.5799999833,"22":0.6000000238,"23":0.6100000143,"24":0.5899999738,"25":0.6000000238,"26":0.6100000143,"27":0.6499999762,"28":0.6800000072,"29":0.6299999952,"30":0.6600000262,"31":0.6499999762,"32":0.6600000262,"33":0.6800000072,"34":0.6499999762,"35":0.6700000167,"36":0.6499999762,"37":0.7099999785,"38":0.6899999976,"39":0.6899999976,"40":0.75,"41":0.7099999785,"42":0.6999999881,"43":0.7300000191,"44":0.7300000191,"45":0.6999999881,"46":0.7099999785,"47":0.7400000095,"48":0.7599999905,"49":0.7900000215},"val_loss":{"0":1.4298042059,"1":1.2529821396,"2":1.1359711885,"3":1.0985792875,"4":3.2949509621,"5":1.598605752,"6":1.2269864082,"7":1.0671695471,"8":1.1168920994,"9":1.3391183615,"10":1.2275116444,"11":1.2638128996,"12":1.0310617685,"13":1.7270481586,"14":1.0493941307,"15":1.4015307426,"16":1.1124591827,"17":0.9849023223,"18":1.8184338808,"19":0.9477594495,"20":1.1714788675,"21":1.0295907259,"22":0.9689385295,"23":1.0023224354,"24":0.9990452528,"25":0.9174587131,"26":0.9189784527,"27":0.9292556643,"28":0.8570591807,"29":0.9437705874,"30":0.88784796,"31":0.8995468616,"32":0.9034888744,"33":0.8430720568,"34":0.891484201,"35":0.8780228496,"36":0.9709597826,"37":0.8276190758,"38":0.7944812775,"39":0.7977138758,"40":0.8663799167,"41":0.828749001,"42":0.7808725834,"43":0.7430125475,"44":0.7983214855,"45":0.8120400906,"46":0.781642139,"47":0.7870007157,"48":0.8143935204,"49":0.7119669318},"learning_rate":{"0":0.0099999998,"1":0.0099999998,"2":0.0099999998,"3":0.0099999998,"4":0.0099999998,"5":0.0099999998,"6":0.0099999998,"7":0.0099999998,"8":0.0099999998,"9":0.0099999998,"10":0.0099999998,"11":0.0099999998,"12":0.0099999998,"13":0.0099999998,"14":0.0099999998,"15":0.0099999998,"16":0.0099999998,"17":0.0099999998,"18":0.0099999998,"19":0.0099999998,"20":0.0099999998,"21":0.0099999998,"22":0.0099999998,"23":0.0099999998,"24":0.0099999998,"25":0.0019999999,"26":0.0019999999,"27":0.0019999999,"28":0.0019999999,"29":0.0019999999,"30":0.0019999999,"31":0.0019999999,"32":0.0019999999,"33":0.0019999999,"34":0.0019999999,"35":0.0019999999,"36":0.0019999999,"37":0.0019999999,"38":0.0019999999,"39":0.0019999999,"40":0.0019999999,"41":0.0019999999,"42":0.0019999999,"43":0.0019999999,"44":0.0019999999,"45":0.0019999999,"46":0.0019999999,"47":0.0019999999,"48":0.0019999999,"49":0.001}}